clade,gene,clade_founder_aa,mutant_aa,aa_site,aa_mutation,expected_count,actual_count,count_terminal,count_non_terminal,mean_log_size,subset_of_ORF1ab,delta_fitness
22A,E,L,I,18,L18I,0.68984,8,2,6,1.1221,False,1.9662
22A,E,L,I,51,L51I,0.68984,8,6,2,0.22397,False,1.9662
22A,E,L,V,73,L73V,0.12834,5,3,2,0.43944,False,2.1694
22A,E,S,A,55,S55A,0.14359,2,1,1,1.5455,False,1.357
22A,E,S,C,50,S50C,0.31822,2,2,0,0,False,1.1169
22A,E,S,F,55,S55F,10.772,68,33,35,0.73943,False,1.8045
22A,E,S,P,68,S68P,1.1777,7,6,1,0.27799,False,1.4975
22A,E,V,F,62,V62F,4.4727,25,12,13,0.92297,False,1.6347
22A,E,V,L,58,V58L,0.28571,2,1,1,0.54931,False,1.1575
22A,E,V,L,62,V62L,0.28571,2,2,0,0,False,1.1575
22A,M,D,A,3,D3A,0.11789,2,1,1,0.69315,False,1.3977
22A,M,D,G,3,D3G,1.2786,6,4,2,0.59725,False,1.296
22A,M,D,H,3,D3H,0.28571,5,2,3,0.7978,False,1.9459
22A,M,D,N,3,D3N,3.0293,32,21,11,0.58874,False,2.2201
22A,M,H,N,155,H155N,0.68984,10,4,6,0.69315,False,2.1776
22A,M,H,Q,210,H210Q,0.41487,2,2,0,0,False,1.0053
22A,M,I,F,97,I97F,0.31822,2,2,0,0,False,1.1169
22A,M,I,V,97,I97V,1.2786,5,4,1,0.13863,False,1.1289
22A,M,K,R,166,K166R,1.2786,5,4,1,0.65162,False,1.1289
22A,M,L,F,17,L17F,10.772,32,19,13,0.61286,False,1.0589
22A,M,L,I,124,L124I,0.68984,5,5,0,0,False,1.5309
22A,M,M,L,91,M91L,0.43611,3,2,1,0.23105,False,1.3188
22A,M,S,A,173,S173A,0.14359,2,1,1,0.34657,False,1.357
22A,M,T,P,208,T208P,0.11789,2,1,1,0.69315,False,1.3977
22A,N,A,G,414,A414G,0.12834,2,2,0,0,False,1.381
22A,N,A,S,50,A50S,4.4727,14,12,2,0.26349,False,1.0702
22A,N,A,S,90,A90S,4.4727,21,9,12,0.85767,False,1.4641
22A,N,D,H,128,D128H,0.28571,2,2,0,0,False,1.1575
22A,N,D,H,144,D144H,0.28571,18,13,5,0.44921,False,3.1589
22A,N,D,H,297,D297H,0.28571,5,5,0,0,False,1.9459
22A,N,D,H,343,D343H,0.28571,9,6,3,0.39817,False,2.4925
22A,N,D,H,348,D348H,0.28571,8,3,5,0.65719,False,2.3812
22A,N,D,H,399,D399H,0.28571,2,1,1,0.34657,False,1.1575
22A,N,D,H,81,D81H,0.28571,4,2,2,0.44794,False,1.7452
22A,N,D,V,377,D377V,0.31822,2,1,1,0.34657,False,1.1169
22A,N,E,Q,367,E367Q,0.28571,2,1,1,1.2425,False,1.1575
22A,N,E,Q,378,E378Q,0.28571,8,3,5,0.86447,False,2.3812
22A,N,E,V,378,E378V,0.31822,4,2,2,0.74893,False,1.7047
22A,N,G,C,243,G243C,4.4727,14,7,7,0.68741,False,1.0702
22A,N,I,F,15,I15F,0.31822,2,2,0,0,False,1.1169
22A,N,K,I,342,K342I,0.31822,2,1,1,0.34657,False,1.1169
22A,N,K,R,370,K370R,1.2786,6,2,4,0.9969,False,1.296
22A,N,K,R,387,K387R,1.2786,10,8,2,0.27081,False,1.7755
22A,N,K,T,387,K387T,0.11789,2,2,0,0,False,1.3977
22A,N,N,H,8,N8H,0.11789,2,0,2,1.0397,False,1.3977
22A,N,N,I,213,N213I,0.31822,3,2,1,0.23105,False,1.4534
22A,N,N,I,8,N8I,0.31822,2,1,1,0.34657,False,1.1169
22A,N,N,Y,154,N154Y,0.31822,2,0,2,1.0397,False,1.1169
22A,N,N,Y,269,N269Y,0.31822,2,1,1,0.34657,False,1.1169
22A,N,P,A,383,P383A,0.12834,2,1,1,0.34657,False,1.381
22A,N,P,Q,279,P279Q,0.68984,7,2,5,1.0221,False,1.8411
22A,N,P,Q,80,P80Q,0.68984,6,3,3,0.92678,False,1.698
22A,N,P,T,6,P6T,0.68984,5,4,1,0.13863,False,1.5309
22A,N,Q,H,289,Q289H,4.7584,27,23,4,0.11771,False,1.6544
22A,N,Q,H,9,Q9H,4.7584,16,9,7,0.65694,False,1.1435
22A,N,Q,K,229,Q229K,0.68984,3,2,1,0.23105,False,1.0789
22A,N,Q,K,7,Q7K,0.68984,16,10,6,0.58865,False,2.6295
22A,N,Q,L,181,Q181L,0.31822,2,2,0,0,False,1.1169
22A,N,Q,L,240,Q240L,0.31822,2,1,1,0.34657,False,1.1169
22A,N,Q,L,241,Q241L,0.31822,3,3,0,0,False,1.4534
22A,N,Q,L,242,Q242L,0.31822,4,2,2,0.9678,False,1.7047
22A,N,Q,L,281,Q281L,0.31822,2,1,1,0.34657,False,1.1169
22A,N,Q,L,294,Q294L,0.31822,2,1,1,0.34657,False,1.1169
22A,N,Q,L,306,Q306L,0.31822,6,2,4,1.3837,False,2.0724
22A,N,Q,L,349,Q349L,0.31822,3,2,1,0.23105,False,1.4534
22A,N,Q,L,380,Q380L,0.31822,5,2,3,0.7167,False,1.9054
22A,N,Q,L,39,Q39L,0.31822,2,2,0,0,False,1.1169
22A,N,Q,L,409,Q409L,0.31822,3,3,0,0,False,1.4534
22A,N,R,H,413,R413H,3.0293,10,5,5,0.52575,False,1.0903
22A,N,R,L,413,R413L,4.4727,15,9,6,0.51308,False,1.1369
22A,N,R,P,10,R10P,0.28571,5,3,2,0.80507,False,1.9459
22A,N,R,P,185,R185P,0.28571,2,1,1,0.34657,False,1.1575
22A,N,R,P,204,R204P,0.28571,8,6,2,0.489,False,2.3812
22A,N,R,P,68,R68P,0.28571,2,2,0,0,False,1.1575
22A,N,R,Q,36,R36Q,3.0293,10,7,3,0.63969,False,1.0903
22A,N,R,T,195,R195T,0.28571,5,5,0,0,False,1.9459
22A,N,S,A,410,S410A,0.14359,2,2,0,0,False,1.357
22A,N,S,I,193,S193I,4.4727,14,6,8,0.69695,False,1.0702
22A,N,S,L,327,S327L,10.772,35,25,10,0.44902,False,1.1472
22A,N,S,P,183,S183P,1.1777,6,3,3,0.79792,False,1.3544
22A,N,S,P,21,S21P,1.1777,5,0,5,2.0357,False,1.1873
22A,N,S,P,23,S23P,1.1777,6,0,6,1.085,False,1.3544
22A,N,S,P,37,S37P,1.1777,13,8,5,0.60246,False,2.0853
22A,N,S,T,180,S180T,0.28571,3,2,1,0.3662,False,1.4939
22A,N,S,T,193,S193T,0.28571,2,0,2,0.69315,False,1.1575
22A,N,S,T,79,S79T,0.28571,2,1,1,0.34657,False,1.1575
22A,N,T,I,334,T334I,10.772,31,20,11,0.38903,False,1.0277
22A,N,T,I,379,T379I,10.772,33,15,18,0.57587,False,1.0892
22A,N,T,K,362,T362K,0.68984,10,6,4,0.40254,False,2.1776
22A,N,T,N,205,T205N,0.68984,4,3,1,0.48648,False,1.3303
22A,N,T,N,49,T49N,0.68984,4,2,2,0.88159,False,1.3303
22A,N,V,L,270,V270L,4.7584,18,9,9,0.66289,False,1.2579
22A,ORF1b,A,E,517,A517E,0.68984,3,2,1,0.90268,False,1.0789
22A,ORF1a,A,T,138,A138T,3.0293,12,7,5,0.42397,False,1.2646
22A,ORF1a,A,T,1923,A1923T,3.0293,11,4,7,1.0073,False,1.1812
22A,ORF1b,A,T,373,A373T,3.0293,10,6,4,0.5124,False,1.0903
22A,ORF1a,A,V,131,A131V,10.772,33,20,13,0.38093,False,1.0892
22A,ORF1a,A,V,2994,A2994V,10.772,34,19,15,0.80343,False,1.1186
22A,ORF1a,A,V,3143,A3143V,10.772,37,20,17,0.74541,False,1.202
22A,ORF1a,A,V,540,A540V,10.772,40,24,16,0.49172,False,1.279
22A,ORF1b,A,V,1643,A1643V,10.772,33,18,15,0.55481,False,1.0892
22A,ORF1a,C,G,230,C230G,0.14359,2,0,2,1.4452,False,1.357
22A,ORF1b,C,G,804,C804G,0.14359,3,1,2,1.0303,False,1.6935
22A,ORF1a,C,G,655,C655G,0.14359,2,2,0,0,False,1.357
22A,ORF1a,C,S,51,C51S,0.55699,12,11,1,0.057762,False,2.4703
22A,ORF1a,D,A,1600,D1600A,0.11789,2,2,0,0,False,1.3977
22A,ORF1a,D,A,2579,D2579A,0.11789,2,0,2,2.3937,False,1.3977
22A,ORF1a,D,A,2592,D2592A,0.11789,2,0,2,1.3195,False,1.3977
22A,ORF1a,D,A,2833,D2833A,0.11789,2,2,0,0,False,1.3977
22A,ORF1a,D,A,48,D48A,0.11789,2,2,0,0,False,1.3977
22A,ORF1a,D,A,589,D589A,0.11789,2,0,2,1.4452,False,1.3977
22A,ORF1b,D,A,2020,D2020A,0.11789,2,1,1,0.34657,False,1.3977
22A,ORF1a,D,E,1282,D1282E,0.41487,2,1,1,0.54931,False,1.0053
22A,ORF1a,D,E,1966,D1966E,0.41487,2,0,2,2.9318,False,1.0053
22A,ORF1a,D,E,3836,D3836E,0.41487,2,1,1,0.34657,False,1.0053
22A,ORF1b,D,E,260,D260E,0.41487,3,1,2,2.9424,False,1.3417
22A,ORF1b,D,E,1825,D1825E,0.41487,2,1,1,0.5493,False,1.0053
22A,ORF1b,D,E,1939,D1939E,0.41487,2,2,0,0,False,1.0053
22A,ORF1b,D,E,2087,D2087E,0.41487,2,1,1,1.354,False,1.0053
22A,ORF1a,D,E,75,D75E,0.41487,2,0,2,1.0986,False,1.0053
22A,ORF1a,D,G,1089,D1089G,1.2786,5,3,2,1.2218,False,1.1289
22A,ORF1a,D,G,1323,D1323G,1.2786,6,3,3,1.4392,False,1.296
22A,ORF1a,D,G,2043,D2043G,1.2786,6,4,2,0.29863,False,1.296
22A,ORF1a,D,G,3009,D3009G,1.2786,5,2,3,0.63561,False,1.1289
22A,ORF1a,D,G,324,D324G,1.2786,5,2,3,0.8497,False,1.1289
22A,ORF1a,D,G,629,D629G,1.2786,7,6,1,0.22992,False,1.4391
22A,ORF1a,D,G,827,D827G,1.2786,6,3,3,0.70325,False,1.296
22A,ORF1a,D,G,983,D983G,1.2786,5,4,1,0.13863,False,1.1289
22A,ORF1a,E,A,102,E102A,0.11789,2,1,1,0.34657,False,1.3977
22A,ORF1a,E,A,1047,E1047A,0.11789,2,1,1,0.54931,False,1.3977
22A,ORF1a,E,A,1205,E1205A,0.11789,3,2,1,0.23105,False,1.7342
22A,ORF1a,E,A,2070,E2070A,0.11789,2,1,1,0.34657,False,1.3977
22A,ORF1a,E,A,233,E233A,0.11789,3,2,1,0.23105,False,1.7342
22A,ORF1a,E,A,2585,E2585A,0.11789,2,2,0,0,False,1.3977
22A,ORF1a,E,A,2619,E2619A,0.11789,2,0,2,1.2425,False,1.3977
22A,ORF1b,E,A,735,E735A,0.11789,2,1,1,0.80472,False,1.3977
22A,ORF1a,E,A,55,E55A,0.11789,3,2,1,0.23105,False,1.7342
22A,ORF1a,E,A,855,E855A,0.11789,3,2,1,0.69315,False,1.7342
22A,ORF1a,E,A,929,E929A,0.11789,2,2,0,0,False,1.3977
22A,ORF1a,E,A,942,E942A,0.11789,2,1,1,0.34657,False,1.3977
22A,ORF1a,E,A,973,E973A,0.11789,2,2,0,0,False,1.3977
22A,ORF1a,E,D,1766,E1766D,0.43611,4,2,2,0.8503,False,1.5701
22A,ORF1a,E,D,3176,E3176D,0.43611,3,1,2,0.59725,False,1.3188
22A,ORF1a,E,D,37,E37D,4.7584,14,10,4,0.50239,False,1.0143
22A,ORF1b,E,D,1264,E1264D,4.7584,60,47,13,0.28943,False,2.4428
22A,ORF1a,E,D,933,E933D,0.43611,3,2,1,0.36621,False,1.3188
22A,ORF1a,E,G,217,E217G,1.2786,5,3,2,0.41589,False,1.1289
22A,ORF1b,E,K,2311,E2311K,3.0293,10,8,2,0.28904,False,1.0903
22A,ORF1b,E,Q,2390,E2390Q,0.28571,2,1,1,0.34657,False,1.1575
22A,ORF1a,E,V,176,E176V,0.31822,2,2,0,0,False,1.1169
22A,ORF1a,E,V,2982,E2982V,0.31822,2,1,1,0.54931,False,1.1169
22A,ORF1a,E,V,539,E539V,0.31822,2,0,2,1.9356,False,1.1169
22A,ORF1a,E,V,940,E940V,0.31822,2,2,0,0,False,1.1169
22A,ORF1a,E,V,942,E942V,0.31822,2,0,2,0.69315,False,1.1169
22A,ORF1b,F,C,1722,F1722C,0.14359,7,4,3,0.55303,False,2.4556
22A,ORF1b,F,I,1850,F1850I,0.27128,2,1,1,0.34657,False,1.176
22A,ORF1a,F,L,3604,F3604L,1.5926,8,5,3,0.31061,False,1.4017
22A,ORF1a,F,V,3753,F3753V,0.14359,4,3,1,0.17329,False,1.9448
22A,ORF1a,F,V,406,F406V,0.14359,3,1,2,0.4621,False,1.6935
22A,ORF1b,F,V,183,F183V,0.14359,2,1,1,0.54931,False,1.357
22A,ORF1b,F,V,1850,F1850V,0.14359,2,0,2,0.89588,False,1.357
22A,ORF1b,F,V,2330,F2330V,0.14359,3,3,0,0,False,1.6935
22A,ORF1a,F,V,678,F678V,0.14359,2,2,0,0,False,1.357
22A,ORF1a,F,Y,2350,F2350Y,0.27128,2,2,0,0,False,1.176
22A,ORF1b,F,Y,1360,F1360Y,0.27128,2,1,1,0.54931,False,1.176
22A,ORF1a,G,A,137,G137A,0.28571,2,1,1,0.34657,False,1.1575
22A,ORF1a,G,C,1155,G1155C,4.4727,14,8,6,0.45401,False,1.0702
22A,ORF1a,G,C,442,G442C,4.4727,15,8,7,0.9232,False,1.1369
22A,ORF1a,G,S,1119,G1119S,3.0293,11,4,7,1.0996,False,1.1812
22A,ORF1b,G,S,662,G662S,3.0293,36,22,14,0.68675,False,2.3362
22A,ORF1a,G,S,519,G519S,3.0293,67,40,27,0.541,False,2.951
22A,ORF1a,H,L,134,H134L,0.31822,2,2,0,0,False,1.1169
22A,ORF1a,H,L,1610,H1610L,0.31822,3,2,1,0.23105,False,1.4534
22A,ORF1b,H,L,2285,H2285L,0.31822,2,1,1,0.34657,False,1.1169
22A,ORF1b,H,N,1807,H1807N,0.68984,3,3,0,0,False,1.0789
22A,ORF1a,H,Q,1636,H1636Q,0.81818,5,1,4,2.6515,False,1.4285
22A,ORF1a,H,Q,2125,H2125Q,0.41487,2,0,2,0.69315,False,1.0053
22A,ORF1a,H,Q,325,H325Q,0.41487,2,0,2,1.4452,False,1.0053
22A,ORF1b,H,Q,801,H801Q,0.41487,2,1,1,0.69315,False,1.0053
22A,ORF1a,H,Q,81,H81Q,0.41487,3,2,1,0.96347,False,1.3417
22A,ORF1a,H,Y,110,H110Y,10.772,36,15,21,0.81657,False,1.175
22A,ORF1b,H,Y,1087,H1087Y,10.772,33,16,17,0.68417,False,1.0892
22A,ORF1b,H,Y,2285,H2285Y,10.772,33,22,11,0.36158,False,1.0892
22A,ORF1a,I,L,4098,I4098L,0.11789,2,2,0,0,False,1.3977
22A,ORF1a,I,M,431,I431M,1.2786,5,3,2,0.43944,False,1.1289
22A,ORF1a,I,M,473,I473M,0.12834,2,1,1,0.34657,False,1.381
22A,ORF1b,I,M,1498,I1498M,1.2786,5,3,2,0.27726,False,1.1289
22A,ORF1a,I,N,2086,I2086N,0.27128,4,2,2,0.62123,False,1.7638
22A,ORF1a,I,S,2490,I2490S,0.14359,2,0,2,3.0645,False,1.357
22A,ORF1a,I,S,2786,I2786S,0.14359,2,0,2,0.69315,False,1.357
22A,ORF1a,I,S,3090,I3090S,0.14359,2,1,1,2.7974,False,1.357
22A,ORF1b,I,S,457,I457S,0.14359,2,1,1,0.34657,False,1.357
22A,ORF1b,I,S,2166,I2166S,0.14359,2,1,1,0.89588,False,1.357
22A,ORF1a,I,T,114,I114T,1.1777,11,4,7,0.80117,False,1.9249
22A,ORF1a,I,T,1276,I1276T,1.1777,7,5,2,0.25597,False,1.4975
22A,ORF1a,I,T,1551,I1551T,1.1777,5,3,2,0.82863,False,1.1873
22A,ORF1a,I,T,1785,I1785T,1.1777,12,5,7,0.89112,False,2.0083
22A,ORF1a,I,T,2244,I2244T,1.1777,5,1,4,1.5931,False,1.1873
22A,ORF1a,I,T,2286,I2286T,1.1777,7,5,2,0.25597,False,1.4975
22A,ORF1a,I,T,2501,I2501T,1.1777,5,1,4,1.6296,False,1.1873
22A,ORF1a,I,T,2634,I2634T,1.1777,5,4,1,0.35835,False,1.1873
22A,ORF1a,I,T,3693,I3693T,1.1777,5,3,2,0.49698,False,1.1873
22A,ORF1a,I,T,3737,I3737T,1.1777,8,6,2,0.22397,False,1.6226
22A,ORF1a,I,T,453,I453T,1.1777,10,7,3,0.60403,False,1.834
22A,ORF1a,I,T,529,I529T,1.1777,5,2,3,0.59915,False,1.1873
22A,ORF1a,I,T,569,I569T,1.1777,5,3,2,0.63561,False,1.1873
22A,ORF1b,I,T,1611,I1611T,1.1777,5,2,3,0.55452,False,1.1873
22A,ORF1b,I,T,2303,I2303T,1.1777,5,2,3,0.49698,False,1.1873
22A,ORF1b,I,T,2320,I2320T,1.1777,8,4,4,1.1995,False,1.6226
22A,ORF1a,I,T,71,I71T,1.1777,5,5,0,0,False,1.1873
22A,ORF1a,I,V,1435,I1435V,1.2786,5,3,2,0.27726,False,1.1289
22A,ORF1a,I,V,2010,I2010V,1.2786,8,4,4,0.4839,False,1.5642
22A,ORF1a,I,V,2138,I2138V,1.2786,5,3,2,0.72752,False,1.1289
22A,ORF1a,I,V,222,I222V,1.2786,9,3,6,0.61613,False,1.6755
22A,ORF1a,I,V,3052,I3052V,1.2786,8,6,2,0.17329,False,1.5642
22A,ORF1a,I,V,3758,I3758V,1.2786,80,50,30,0.42488,False,3.8124
22A,ORF1a,I,V,3779,I3779V,1.2786,5,3,2,0.57807,False,1.1289
22A,ORF1a,I,V,4049,I4049V,1.2786,7,2,5,0.88197,False,1.4391
22A,ORF1b,I,V,192,I192V,1.2786,7,5,2,0.42796,False,1.4391
22A,ORF1b,I,V,457,I457V,1.2786,7,5,2,0.19804,False,1.4391
22A,ORF1b,I,V,527,I527V,1.2786,5,3,2,0.9401,False,1.1289
22A,ORF1b,I,V,1074,I1074V,1.2786,8,7,1,0.20118,False,1.5642
22A,ORF1b,I,V,2303,I2303V,1.2786,5,5,0,0,False,1.1289
22A,ORF1a,I,V,671,I671V,1.2786,5,4,1,0.13863,False,1.1289
22A,ORF1b,K,E,82,K82E,1.2786,6,4,2,0.23105,False,1.296
22A,ORF1a,K,N,1124,K1124N,0.43611,4,3,1,0.40236,False,1.5701
22A,ORF1a,K,N,1180,K1180N,0.43611,3,1,2,1.1552,False,1.3188
22A,ORF1a,K,N,1655,K1655N,4.7584,14,10,4,0.4045,False,1.0143
22A,ORF1a,K,N,2148,K2148N,0.43611,3,1,2,2.2282,False,1.3188
22A,ORF1a,K,N,456,K456N,0.43611,3,1,2,0.8283,False,1.3188
22A,ORF1b,K,N,1873,K1873N,4.7584,15,10,5,0.44395,False,1.081
22A,ORF1b,K,N,2340,K2340N,4.7584,14,10,4,0.19804,False,1.0143
22A,ORF1a,K,N,684,K684N,0.43611,3,1,2,0.76753,False,1.3188
22A,ORF1a,K,R,1428,K1428R,1.2786,5,2,3,0.59915,False,1.1289
22A,ORF1a,K,R,1763,K1763R,1.2786,8,3,5,1.0089,False,1.5642
22A,ORF1a,K,R,202,K202R,1.2786,7,2,5,1.054,False,1.4391
22A,ORF1a,K,R,2589,K2589R,1.2786,14,7,7,0.67147,False,2.0983
22A,ORF1a,K,R,322,K322R,1.2786,7,5,2,0.19804,False,1.4391
22A,ORF1a,K,R,3351,K3351R,1.2786,15,7,8,0.75318,False,2.165
22A,ORF1a,K,R,3353,K3353R,1.2786,124,58,66,0.72133,False,4.2485
22A,ORF1a,K,R,3499,K3499R,1.2786,5,5,0,0,False,1.1289
22A,ORF1a,K,R,399,K399R,1.2786,6,1,5,0.89588,False,1.296
22A,ORF1a,K,R,4014,K4014R,1.2786,5,1,4,1.2753,False,1.1289
22A,ORF1a,K,R,4176,K4176R,1.2786,8,3,5,0.78364,False,1.5642
22A,ORF1a,K,R,4348,K4348R,1.2786,6,3,3,0.78036,False,1.296
22A,ORF1b,K,R,82,K82R,1.2786,30,15,15,0.83182,False,2.8419
22A,ORF1b,K,R,771,K771R,1.2786,8,4,4,0.58981,False,1.5642
22A,ORF1b,K,R,1383,K1383R,1.2786,24,11,13,0.55587,False,2.6228
22A,ORF1b,K,R,2310,K2310R,1.2786,7,4,3,0.61095,False,1.4391
22A,ORF1b,K,R,2557,K2557R,1.2786,92,49,43,0.63433,False,3.9514
22A,ORF1a,K,T,564,K564T,0.11789,2,1,1,0.69315,False,1.3977
22A,ORF1a,K,T,669,K669T,0.11789,2,1,1,1.1989,False,1.3977
22A,ORF1a,L,F,3829,L3829F,10.772,66,42,24,0.47704,False,1.7749
22A,ORF1b,L,F,1504,L1504F,10.772,36,17,19,0.52562,False,1.175
22A,ORF1b,L,F,1681,L1681F,10.772,53,29,24,0.52087,False,1.5574
22A,ORF1a,L,F,642,L642F,10.772,45,22,23,0.73636,False,1.3954
22A,ORF1b,L,H,796,L796H,0.27128,3,2,1,1.0148,False,1.5125
22A,ORF1a,L,I,1249,L1249I,0.68984,3,1,2,0.59725,False,1.0789
22A,ORF1a,L,I,140,L140I,0.68984,3,0,3,1.1945,False,1.0789
22A,ORF1a,L,I,145,L145I,0.27128,2,1,1,0.34657,False,1.176
22A,ORF1a,L,I,1546,L1546I,0.68984,3,2,1,0.4621,False,1.0789
22A,ORF1a,L,I,1683,L1683I,0.68984,3,1,2,0.76753,False,1.0789
22A,ORF1a,L,I,2475,L2475I,0.68984,3,0,3,1.9835,False,1.0789
22A,ORF1a,L,I,3717,L3717I,0.68984,3,2,1,0.23105,False,1.0789
22A,ORF1a,L,I,3776,L3776I,0.68984,3,1,2,1.304,False,1.0789
22A,ORF1a,L,I,3919,L3919I,0.68984,3,0,3,1.1945,False,1.0789
22A,ORF1a,L,I,450,L450I,0.68984,5,4,1,0.13863,False,1.5309
22A,ORF1b,L,I,796,L796I,0.68984,3,2,1,0.8283,False,1.0789
22A,ORF1a,L,I,624,L624I,0.68984,4,3,1,0.17329,False,1.3303
22A,ORF1a,L,I,642,L642I,0.68984,3,2,1,0.76753,False,1.0789
22A,ORF1a,L,M,2527,L2527M,0.68984,4,2,2,0.57565,False,1.3303
22A,ORF1a,L,Q,578,L578Q,0.27128,2,1,1,0.34657,False,1.176
22A,ORF1a,L,Q,893,L893Q,0.27128,2,2,0,0,False,1.176
22A,ORF1a,L,R,27,L27R,0.14359,2,1,1,0.34657,False,1.357
22A,ORF1a,L,S,360,L360S,1.1777,5,5,0,0,False,1.1873
22A,ORF1a,L,S,3641,L3641S,1.1777,7,5,2,0.25597,False,1.4975
22A,ORF1a,L,V,2620,L2620V,0.12834,2,0,2,0.69315,False,1.381
22A,ORF1b,L,V,236,L236V,0.14359,2,0,2,2.6441,False,1.357
22A,ORF1a,M,I,2259,M2259I,7.7877,40,14,26,1.1175,False,1.5865
22A,ORF1a,M,K,1588,M1588K,0.27128,2,0,2,1.2425,False,1.176
22A,ORF1a,M,K,2036,M2036K,0.27128,2,0,2,0.89588,False,1.176
22A,ORF1a,M,K,2374,M2374K,0.27128,3,1,2,0.69315,False,1.5125
22A,ORF1a,M,K,85,M85K,0.27128,2,2,0,0,False,1.176
22A,ORF1b,M,T,657,M657T,1.1777,5,2,3,0.81887,False,1.1873
22A,ORF1a,M,V,1769,M1769V,1.2786,9,3,6,1.0972,False,1.6755
22A,ORF1a,M,V,2410,M2410V,1.2786,5,2,3,1.1675,False,1.1289
22A,ORF1a,M,V,3661,M3661V,1.2786,5,2,3,1.015,False,1.1289
22A,ORF1b,M,V,101,M101V,1.2786,10,4,6,0.5663,False,1.7755
22A,ORF1a,M,V,584,M584V,1.2786,14,5,9,0.9082,False,2.0983
22A,ORF1b,M,V,1839,M1839V,1.2786,6,3,3,1.2258,False,1.296
22A,ORF1a,M,V,902,M902V,1.2786,7,5,2,0.25597,False,1.4391
22A,ORF1b,N,D,1382,N1382D,1.2786,5,4,1,0.32189,False,1.1289
22A,ORF1a,N,D,869,N869D,1.2786,6,6,0,0,False,1.296
22A,ORF1a,N,H,1442,N1442H,0.11789,3,2,1,0.73241,False,1.7342
22A,ORF1a,N,H,2272,N2272H,0.11789,2,1,1,0.80472,False,1.3977
22A,ORF1a,N,H,4315,N4315H,0.11789,2,2,0,0,False,1.3977
22A,ORF1b,N,H,2250,N2250H,0.11789,2,1,1,0.34657,False,1.3977
22A,ORF1b,N,I,498,N498I,0.31822,39,24,15,0.3746,False,3.8769
22A,ORF1b,N,I,2498,N2498I,0.31822,2,2,0,0,False,1.1169
22A,ORF1a,N,K,1094,N1094K,0.41487,3,0,3,2.5116,False,1.3417
22A,ORF1a,N,K,1611,N1611K,0.41487,2,2,0,0,False,1.0053
22A,ORF1a,N,K,1922,N1922K,0.81818,4,3,1,0.34657,False,1.2278
22A,ORF1a,N,K,2140,N2140K,0.41487,2,1,1,0.69315,False,1.0053
22A,ORF1a,N,K,2878,N2878K,0.41487,2,1,1,1.2825,False,1.0053
22A,ORF1b,N,K,79,N79K,0.41487,2,0,2,0.89588,False,1.0053
22A,ORF1a,N,K,557,N557K,0.41487,2,1,1,0.69315,False,1.0053
22A,ORF1a,N,S,2187,N2187S,1.2786,5,1,4,1.5766,False,1.1289
22A,ORF1a,N,S,2405,N2405S,1.2786,6,4,2,0.38376,False,1.296
22A,ORF1a,N,S,2531,N2531S,1.2786,8,6,2,0.41653,False,1.5642
22A,ORF1a,N,S,3537,N3537S,1.2786,6,3,3,0.41415,False,1.296
22A,ORF1a,N,S,3725,N3725S,1.2786,7,5,2,0.35499,False,1.4391
22A,ORF1a,N,T,2023,N2023T,0.11789,2,1,1,0.80472,False,1.3977
22A,ORF1a,P,A,1096,P1096A,0.12834,2,2,0,0,False,1.381
22A,ORF1a,P,H,1786,P1786H,0.68984,3,2,1,0.4621,False,1.0789
22A,ORF1a,P,H,193,P193H,0.68984,5,2,3,0.69315,False,1.5309
22A,ORF1a,P,H,2287,P2287H,0.68984,6,5,1,0.4722,False,1.698
22A,ORF1b,P,H,1936,P1936H,0.68984,4,4,0,0,False,1.3303
22A,ORF1a,P,H,971,P971H,0.68984,3,3,0,0,False,1.0789
22A,ORF1a,P,L,309,P309L,10.772,35,18,17,0.7502,False,1.1472
22A,ORF1b,P,L,85,P85L,10.772,33,15,18,0.8073,False,1.0892
22A,ORF1b,P,L,970,P970L,10.772,31,19,12,0.41139,False,1.0277
22A,ORF1b,P,L,1727,P1727L,10.772,39,18,21,0.73775,False,1.254
22A,ORF1a,P,L,971,P971L,10.772,36,16,20,0.97396,False,1.175
22A,ORF1a,P,Q,1921,P1921Q,0.68984,3,2,1,0.3662,False,1.0789
22A,ORF1a,P,Q,271,P271Q,0.68984,3,2,1,0.23105,False,1.0789
22A,ORF1a,P,Q,309,P309Q,0.68984,5,3,2,0.27726,False,1.5309
22A,ORF1b,P,Q,918,P918Q,0.68984,3,3,0,0,False,1.0789
22A,ORF1b,P,S,1821,P1821S,10.772,32,21,11,0.40006,False,1.0589
22A,ORF1a,P,T,2685,P2685T,0.68984,15,7,8,0.97981,False,2.567
22A,ORF1a,P,T,361,P361T,0.68984,6,4,2,0.4621,False,1.698
22A,ORF1a,P,T,4211,P4211T,0.68984,3,2,1,0.23105,False,1.0789
22A,ORF1b,Q,H,813,Q813H,4.7584,15,7,8,1.0738,False,1.081
22A,ORF1b,Q,H,1546,Q1546H,4.7584,18,10,8,0.98864,False,1.2579
22A,ORF1a,Q,H,998,Q998H,4.7584,15,6,9,0.64899,False,1.081
22A,ORF1a,Q,K,314,Q314K,0.68984,4,2,2,0.44794,False,1.3303
22A,ORF1a,Q,K,4289,Q4289K,0.68984,5,3,2,0.8439,False,1.5309
22A,ORF1a,Q,K,455,Q455K,0.68984,4,2,2,0.57565,False,1.3303
22A,ORF1a,Q,K,556,Q556K,0.68984,16,10,6,0.58704,False,2.6295
22A,ORF1a,Q,K,985,Q985K,0.68984,4,0,4,1.589,False,1.3303
22A,ORF1a,Q,L,15,Q15L,0.31822,2,2,0,0,False,1.1169
22A,ORF1b,Q,L,1546,Q1546L,0.31822,3,1,2,1.6472,False,1.4534
22A,ORF1a,Q,L,991,Q991L,0.31822,2,1,1,1.6661,False,1.1169
22A,ORF1a,Q,R,1292,Q1292R,1.2786,6,3,3,0.34657,False,1.296
22A,ORF1a,Q,R,2034,Q2034R,1.2786,5,3,2,0.27726,False,1.1289
22A,ORF1a,Q,R,3777,Q3777R,1.2786,5,4,1,0.13863,False,1.1289
22A,ORF1a,R,C,24,R24C,10.772,48,32,16,0.40613,False,1.4592
22A,ORF1a,R,G,226,R226G,1.2786,5,1,4,1.7143,False,1.1289
22A,ORF1a,R,G,2697,R2697G,0.12834,3,3,0,0,False,1.7174
22A,ORF1a,R,H,232,R232H,3.0293,11,9,2,0.12603,False,1.1812
22A,ORF1a,R,H,550,R550H,3.0293,16,11,5,0.33823,False,1.5423
22A,ORF1a,R,K,226,R226K,3.0293,14,8,6,0.63991,False,1.413
22A,ORF1a,R,S,2860,R2860S,0.43611,3,3,0,0,False,1.3188
22A,ORF1a,R,S,4387,R4387S,0.68984,7,4,3,0.39608,False,1.8411
22A,ORF1b,R,S,2613,R2613S,0.68984,9,6,3,0.33286,False,2.0775
22A,ORF1b,R,W,1518,R1518W,0.31822,2,2,0,0,False,1.1169
22A,ORF1a,S,A,1361,S1361A,0.14359,4,2,2,1.3182,False,1.9448
22A,ORF1a,S,A,1493,S1493A,0.14359,2,1,1,0.34657,False,1.357
22A,ORF1a,S,A,1952,S1952A,0.14359,2,1,1,0.34657,False,1.357
22A,ORF1a,S,A,212,S212A,0.14359,2,1,1,0.34657,False,1.357
22A,ORF1a,S,A,2822,S2822A,0.14359,2,2,0,0,False,1.357
22A,ORF1a,S,A,3946,S3946A,0.14359,3,2,1,0.23105,False,1.6935
22A,ORF1b,S,A,1201,S1201A,0.14359,2,0,2,1.8688,False,1.357
22A,ORF1b,S,A,1273,S1273A,0.14359,2,1,1,0.89588,False,1.357
22A,ORF1b,S,A,1347,S1347A,0.14359,2,1,1,0.69315,False,1.357
22A,ORF1b,S,C,1159,S1159C,0.31822,2,2,0,0,False,1.1169
22A,ORF1a,S,F,2103,S2103F,10.772,42,28,14,0.44789,False,1.3272
22A,ORF1a,S,F,2242,S2242F,10.772,33,19,14,0.5407,False,1.0892
22A,ORF1a,S,F,302,S302F,10.772,34,19,15,0.67967,False,1.1186
22A,ORF1a,S,F,443,S443F,10.772,36,16,20,0.6335,False,1.175
22A,ORF1a,S,G,1102,S1102G,1.2786,7,4,3,0.42796,False,1.4391
22A,ORF1a,S,G,166,S166G,1.2786,9,4,5,0.7382,False,1.6755
22A,ORF1a,S,G,2132,S2132G,1.2786,13,9,4,0.55036,False,2.0269
22A,ORF1a,S,G,3195,S3195G,1.2786,5,3,2,0.27726,False,1.1289
22A,ORF1a,S,G,3673,S3673G,1.2786,10,8,2,0.41431,False,1.7755
22A,ORF1b,S,G,1003,S1003G,1.2786,12,4,8,0.7344,False,1.9499
22A,ORF1a,S,L,2535,S2535L,10.772,39,25,14,0.47346,False,1.254
22A,ORF1a,S,L,944,S944L,10.772,74,41,33,0.59515,False,1.8885
22A,ORF1a,S,P,1743,S1743P,1.1777,9,3,6,1.0896,False,1.7339
22A,ORF1a,S,P,443,S443P,1.1777,9,6,3,0.23105,False,1.7339
22A,ORF1a,S,P,538,S538P,1.1777,6,3,3,0.7937,False,1.3544
22A,ORF1b,S,P,997,S997P,1.1777,10,6,4,0.84118,False,1.834
22A,ORF1a,S,P,546,S546P,1.1777,6,3,3,0.69315,False,1.3544
22A,ORF1a,S,P,723,S723P,1.1777,8,3,5,0.8452,False,1.6226
22A,ORF1a,S,P,944,S944P,1.1777,5,4,1,0.13863,False,1.1873
22A,ORF1a,S,R,2695,S2695R,0.53276,3,2,1,0.3662,False,1.2205
22A,ORF1a,S,T,2246,S2246T,0.27128,2,1,1,0.54931,False,1.176
22A,ORF1a,S,T,2396,S2396T,0.28571,4,1,3,1.4087,False,1.7452
22A,ORF1a,S,T,34,S34T,0.27128,2,0,2,0.69315,False,1.176
22A,ORF1a,S,T,549,S549T,0.27128,2,0,2,1.0397,False,1.176
22A,ORF1b,S,T,1182,S1182T,0.27128,2,1,1,0.34657,False,1.176
22A,ORF1b,S,T,1745,S1745T,0.27128,2,1,1,0.34657,False,1.176
22A,ORF1a,T,A,1093,T1093A,1.2786,8,6,2,0.17329,False,1.5642
22A,ORF1b,T,A,217,T217A,1.2786,8,6,2,0.42515,False,1.5642
22A,ORF1b,T,A,250,T250A,1.2786,6,2,4,0.96952,False,1.296
22A,ORF1a,T,A,554,T554A,1.2786,20,10,10,0.74933,False,2.4446
22A,ORF1a,T,I,1822,T1822I,10.772,35,20,15,0.56797,False,1.1472
22A,ORF1a,T,I,1840,T1840I,10.772,31,16,15,0.68422,False,1.0277
22A,ORF1a,T,I,1854,T1854I,10.772,33,18,15,0.81873,False,1.0892
22A,ORF1a,T,I,2016,T2016I,10.772,35,20,15,0.53888,False,1.1472
22A,ORF1a,T,I,2124,T2124I,10.772,32,21,11,0.57221,False,1.0589
22A,ORF1a,T,I,4129,T4129I,10.772,33,16,17,1.0245,False,1.0892
22A,ORF1a,T,I,4175,T4175I,10.772,51,32,19,0.36539,False,1.5193
22A,ORF1a,T,I,4355,T4355I,10.772,45,21,24,0.84655,False,1.3954
22A,ORF1b,T,I,17,T17I,10.772,35,24,11,0.5642,False,1.1472
22A,ORF1b,T,I,730,T730I,10.772,35,18,17,0.79958,False,1.1472
22A,ORF1b,T,I,1511,T1511I,10.772,33,20,13,0.61605,False,1.0892
22A,ORF1b,T,I,1637,T1637I,10.772,32,18,14,0.63999,False,1.0589
22A,ORF1b,T,I,1774,T1774I,10.772,46,19,27,1.0175,False,1.4171
22A,ORF1b,T,I,2432,T2432I,10.772,37,22,15,0.4917,False,1.202
22A,ORF1b,T,I,2537,T2537I,10.772,43,21,22,0.81728,False,1.3504
22A,ORF1a,T,I,753,T753I,10.772,32,19,13,0.46434,False,1.0589
22A,ORF1a,T,K,2016,T2016K,0.68984,5,0,5,0.91287,False,1.5309
22A,ORF1b,T,M,1404,T1404M,10.772,48,32,16,0.55787,False,1.4592
22A,ORF1b,T,M,2488,T2488M,10.772,34,17,17,0.45461,False,1.1186
22A,ORF1a,T,N,1638,T1638N,0.68984,9,4,5,0.70623,False,2.0775
22A,ORF1a,T,N,2264,T2264N,0.68984,4,2,2,0.72259,False,1.3303
22A,ORF1a,T,N,2746,T2746N,0.68984,3,1,2,0.76753,False,1.0789
22A,ORF1a,T,N,3117,T3117N,0.68984,3,2,1,0.23105,False,1.0789
22A,ORF1b,T,N,794,T794N,0.68984,4,1,3,0.86643,False,1.3303
22A,ORF1b,T,N,1050,T1050N,0.68984,4,2,2,0.9678,False,1.3303
22A,ORF1a,T,N,551,T551N,0.68984,4,1,3,0.74893,False,1.3303
22A,ORF1b,T,N,1540,T1540N,0.68984,3,2,1,0.23105,False,1.0789
22A,ORF1b,T,N,2040,T2040N,0.68984,3,2,1,0.76753,False,1.0789
22A,ORF1b,T,N,2134,T2134N,0.68984,3,1,2,0.69315,False,1.0789
22A,ORF1a,T,N,760,T760N,0.68984,3,2,1,1.0303,False,1.0789
22A,ORF1a,T,P,1322,T1322P,0.11789,2,2,0,0,False,1.3977
22A,ORF1a,T,P,333,T333P,0.11789,2,2,0,0,False,1.3977
22A,ORF1b,T,S,1801,T1801S,0.44656,5,2,3,0.66644,False,1.7597
22A,ORF1a,V,E,111,V111E,0.27128,3,1,2,1.3418,False,1.5125
22A,ORF1a,V,E,116,V116E,0.27128,2,1,1,0.34657,False,1.176
22A,ORF1b,V,F,1649,V1649F,4.4727,14,9,5,0.35499,False,1.0702
22A,ORF1a,V,G,20,V20G,0.14359,2,2,0,0,False,1.357
22A,ORF1a,V,G,2133,V2133G,0.14359,2,1,1,0.34657,False,1.357
22A,ORF1a,V,I,28,V28I,3.0293,13,10,3,0.2666,False,1.3416
22A,ORF1a,V,I,60,V60I,3.0293,12,8,4,0.59303,False,1.2646
22A,ORF1a,V,I,627,V627I,3.0293,14,7,7,0.98319,False,1.413
22A,ORF1a,V,L,1056,V1056L,4.7584,22,16,6,0.37176,False,1.4537
22A,ORF1a,V,L,3420,V3420L,0.28571,8,6,2,0.28782,False,2.3812
22A,ORF1b,V,L,1615,V1615L,0.28571,2,2,0,0,False,1.1575
22A,ORF1b,V,L,2073,V2073L,4.7584,17,8,9,0.69693,False,1.2024
22A,ORF1b,V,L,2371,V2371L,4.7584,20,17,3,0.10397,False,1.3606
22A,ORF1a,Y,C,1465,Y1465C,1.2786,7,4,3,0.35499,False,1.4391
22A,ORF1a,Y,C,2266,Y2266C,1.2786,5,3,2,0.77424,False,1.1289
22A,ORF1b,Y,C,280,Y280C,1.2786,5,4,1,0.77836,False,1.1289
22A,ORF1b,Y,C,512,Y512C,1.2786,5,4,1,0.35835,False,1.1289
22A,ORF1b,Y,C,868,Y868C,1.2786,5,3,2,0.27726,False,1.1289
22A,ORF1b,Y,D,1593,Y1593D,0.14359,2,1,1,0.34657,False,1.357
22A,ORF1b,Y,F,2276,Y2276F,0.31822,2,1,1,0.34657,False,1.1169
22A,ORF1a,Y,H,182,Y182H,1.1777,12,7,5,0.68239,False,2.0083
22A,ORF1a,Y,H,196,Y196H,1.1777,8,6,2,0.34657,False,1.6226
22A,ORF1a,Y,H,2968,Y2968H,1.1777,7,7,0,0,False,1.4975
22A,ORF1b,Y,H,23,Y23H,1.1777,5,3,2,0.35835,False,1.1873
22A,ORF1b,Y,H,280,Y280H,1.1777,5,3,2,0.46052,False,1.1873
22A,ORF1b,Y,H,822,Y822H,1.1777,7,3,4,0.91096,False,1.4975
22A,ORF1b,Y,H,1176,Y1176H,1.1777,8,4,4,0.82515,False,1.6226
22A,ORF1b,Y,H,1344,Y1344H,1.1777,5,4,1,0.13863,False,1.1873
22A,ORF1a,Y,S,1183,Y1183S,0.11789,2,2,0,0,False,1.3977
22A,ORF3a,A,E,33,A33E,0.68984,4,0,4,2.0871,False,1.3303
22A,ORF3a,A,T,72,A72T,3.0293,11,5,6,0.81774,False,1.1812
22A,ORF3a,C,S,130,C130S,0.55699,3,2,1,0.53648,False,1.1973
22A,ORF3a,D,A,155,D155A,0.11789,2,1,1,0.34657,False,1.3977
22A,ORF3a,D,G,27,D27G,1.2786,5,3,2,0.57807,False,1.1289
22A,ORF3a,D,H,155,D155H,0.28571,6,1,5,1.2006,False,2.113
22A,ORF3a,D,H,27,D27H,0.28571,9,6,3,0.75129,False,2.4925
22A,ORF3a,D,V,238,D238V,0.31822,2,1,1,2.3125,False,1.1169
22A,ORF3a,D,Y,155,D155Y,4.4727,26,11,15,0.60868,False,1.6732
22A,ORF3a,D,Y,22,D22Y,4.4727,14,8,6,0.45401,False,1.0702
22A,ORF3a,D,Y,27,D27Y,4.4727,14,5,9,1.11,False,1.0702
22A,ORF3a,E,A,239,E239A,0.11789,3,1,2,1.0594,False,1.7342
22A,ORF3a,F,S,43,F43S,1.1777,8,5,3,0.25993,False,1.6226
22A,ORF3a,G,A,11,G11A,0.28571,2,1,1,0.34657,False,1.1575
22A,ORF3a,G,A,49,G49A,0.28571,2,1,1,0.34657,False,1.1575
22A,ORF3a,G,R,172,G172R,0.28571,2,1,1,1.0986,False,1.1575
22A,ORF3a,G,R,224,G224R,0.28571,2,0,2,0.89588,False,1.1575
22A,ORF3a,G,R,44,G44R,3.315,17,10,7,0.4068,False,1.5233
22A,ORF3a,G,V,49,G49V,4.4727,16,7,9,1.0518,False,1.1994
22A,ORF3a,H,Y,78,H78Y,10.772,42,21,21,0.60625,False,1.3272
22A,ORF3a,I,K,35,I35K,0.27128,2,1,1,1.354,False,1.176
22A,ORF3a,I,L,35,I35L,0.43611,4,2,2,0.44794,False,1.5701
22A,ORF3a,I,L,37,I37L,0.43611,3,1,2,1.0594,False,1.3188
22A,ORF3a,I,N,179,I179N,0.27128,2,1,1,0.34657,False,1.176
22A,ORF3a,I,S,7,I7S,0.14359,2,1,1,0.97296,False,1.357
22A,ORF3a,I,T,118,I118T,1.1777,5,1,4,0.9437,False,1.1873
22A,ORF3a,I,T,20,I20T,1.1777,8,5,3,0.37447,False,1.6226
22A,ORF3a,I,T,35,I35T,1.1777,14,8,6,0.93318,False,2.1567
22A,ORF3a,I,T,37,I37T,1.1777,9,4,5,1.1654,False,1.7339
22A,ORF3a,I,T,62,I62T,1.1777,10,6,4,0.73753,False,1.834
22A,ORF3a,I,T,63,I63T,1.1777,6,4,2,0.23105,False,1.3544
22A,ORF3a,I,V,35,I35V,1.2786,5,3,2,0.7978,False,1.1289
22A,ORF3a,I,V,37,I37V,1.2786,7,4,3,0.66888,False,1.4391
22A,ORF3a,I,V,47,I47V,1.2786,9,6,3,0.96277,False,1.6755
22A,ORF3a,K,I,136,K136I,0.31822,2,1,1,0.80472,False,1.1169
22A,ORF3a,K,N,21,K21N,4.7584,22,11,11,0.73071,False,1.4537
22A,ORF3a,K,N,66,K66N,0.43611,3,2,1,0.23105,False,1.3188
22A,ORF3a,K,Q,67,K67Q,0.11789,2,1,1,0.34657,False,1.3977
22A,ORF3a,L,F,106,L106F,10.772,48,22,26,1.1084,False,1.4592
22A,ORF3a,L,F,108,L108F,10.772,39,20,19,0.73871,False,1.254
22A,ORF3a,L,F,95,L95F,4.7584,14,9,5,0.52165,False,1.0143
22A,ORF3a,L,I,52,L52I,0.68984,4,0,4,1.2688,False,1.3303
22A,ORF3a,L,I,73,L73I,0.68984,3,2,1,0.53648,False,1.0789
22A,ORF3a,L,P,96,L96P,1.1777,5,4,1,0.13863,False,1.1873
22A,ORF3a,L,R,106,L106R,0.14359,2,1,1,0.89588,False,1.357
22A,ORF3a,L,V,106,L106V,0.12834,2,2,0,0,False,1.381
22A,ORF3a,L,V,108,L108V,0.12834,2,0,2,1.3863,False,1.381
22A,ORF3a,L,V,53,L53V,0.12834,2,2,0,0,False,1.381
22A,ORF3a,M,K,260,M260K,0.27128,5,2,3,1.043,False,1.9645
22A,ORF3a,M,T,260,M260T,1.1777,10,6,4,0.77319,False,1.834
22A,ORF3a,N,I,234,N234I,0.31822,2,2,0,0,False,1.1169
22A,ORF3a,N,Y,234,N234Y,0.31822,2,2,0,0,False,1.1169
22A,ORF3a,P,H,42,P42H,0.68984,4,2,2,0.69315,False,1.3303
22A,ORF3a,P,T,262,P262T,0.68984,3,2,1,0.73241,False,1.0789
22A,ORF3a,Q,E,38,Q38E,0.12834,2,2,0,0,False,1.381
22A,ORF3a,Q,H,185,Q185H,4.7584,19,9,10,0.65947,False,1.3106
22A,ORF3a,Q,H,57,Q57H,4.7584,23,16,7,0.25872,False,1.4972
22A,ORF3a,Q,K,213,Q213K,0.68984,56,38,18,0.38305,False,3.8604
22A,ORF3a,Q,L,38,Q38L,0.31822,2,2,0,0,False,1.1169
22A,ORF3a,Q,P,70,Q70P,0.11789,10,10,0,0,False,2.8328
22A,ORF3a,Q,R,38,Q38R,1.2786,7,4,3,0.90142,False,1.4391
22A,ORF3a,S,C,177,S177C,0.31822,3,2,1,0.76753,False,1.4534
22A,ORF3a,S,F,74,S74F,10.772,42,27,15,0.51044,False,1.3272
22A,ORF3a,T,I,175,T175I,10.772,33,19,14,0.58727,False,1.0892
22A,ORF3a,T,I,89,T89I,10.772,42,25,17,0.50373,False,1.3272
22A,ORF3a,T,K,9,T9K,0.68984,13,7,6,0.73123,False,2.4289
22A,ORF3a,T,N,217,T217N,0.68984,4,2,2,0.8503,False,1.3303
22A,ORF3a,T,N,229,T229N,0.68984,4,3,1,0.17329,False,1.3303
22A,ORF3a,V,A,13,V13A,1.1777,7,5,2,0.55303,False,1.4975
22A,ORF3a,V,L,13,V13L,4.7584,19,8,11,0.91553,False,1.3106
22A,ORF3a,V,L,29,V29L,0.28571,2,2,0,0,False,1.1575
22A,ORF3a,V,L,90,V90L,0.28571,3,0,3,2.7585,False,1.4939
22A,ORF3a,W,C,131,W131C,4.7584,18,8,10,0.78093,False,1.2579
22A,ORF3a,W,C,69,W69C,4.7584,15,8,7,0.55657,False,1.081
22A,ORF3a,W,S,131,W131S,0.28571,2,2,0,0,False,1.1575
22A,ORF3a,Y,F,145,Y145F,0.31822,3,2,1,0.4621,False,1.4534
22A,ORF3a,Y,H,107,Y107H,1.1777,12,8,4,0.50216,False,2.0083
22A,ORF6,I,L,60,I60L,0.11789,2,2,0,0,False,1.3977
22A,ORF6,I,S,32,I32S,0.14359,2,2,0,0,False,1.357
22A,ORF6,I,S,60,I60S,0.14359,3,3,0,0,False,1.6935
22A,ORF6,I,T,32,I32T,1.1777,5,3,2,0.27726,False,1.1873
22A,ORF6,I,T,33,I33T,1.1777,5,3,2,0.99396,False,1.1873
22A,ORF6,I,V,18,I18V,1.2786,7,4,3,0.82582,False,1.4391
22A,ORF6,L,H,4,L4H,0.27128,2,2,0,0,False,1.176
22A,ORF6,L,I,61,L61I,0.68984,5,3,2,0.83488,False,1.5309
22A,ORF6,L,V,35,L35V,0.12834,2,0,2,1.589,False,1.381
22A,ORF6,M,K,19,M19K,0.27128,2,1,1,0.34657,False,1.176
22A,ORF6,M,L,58,M58L,0.43611,6,4,2,0.29863,False,1.9378
22A,ORF6,P,L,57,P57L,10.772,31,22,9,0.26283,False,1.0277
22A,ORF6,Y,H,49,Y49H,1.1777,7,4,3,0.63297,False,1.4975
22A,ORF7a,A,S,55,A55S,4.4727,14,8,6,0.41202,False,1.0702
22A,ORF7a,C,S,35,C35S,0.55699,3,2,1,0.23105,False,1.1973
22A,ORF7a,C,S,67,C67S,0.55699,3,2,1,0.4621,False,1.1973
22A,ORF7a,E,Q,121,E121Q,0.28571,3,2,1,0.59725,False,1.4939
22A,ORF7a,E,Q,95,E95Q,0.28571,6,4,2,0.23105,False,2.113
22A,ORF7a,E,V,121,E121V,0.31822,2,1,1,0.89588,False,1.1169
22A,ORF7a,E,V,95,E95V,0.31822,2,2,0,0,False,1.1169
22A,ORF7a,F,C,6,F6C,0.14359,4,4,0,0,False,1.9448
22A,ORF7a,F,I,46,F46I,0.27128,2,1,1,1.354,False,1.176
22A,ORF7a,F,I,59,F59I,0.27128,2,1,1,0.80472,False,1.176
22A,ORF7a,F,L,54,F54L,1.5926,6,1,5,1.1882,False,1.1334
22A,ORF7a,F,L,63,F63L,1.5926,10,7,3,0.45643,False,1.613
22A,ORF7a,F,V,63,F63V,0.14359,3,1,2,1.4999,False,1.6935
22A,ORF7a,G,A,38,G38A,0.28571,4,1,3,0.51986,False,1.7452
22A,ORF7a,H,N,47,H47N,0.68984,25,18,7,0.45572,False,3.0649
22A,ORF7a,H,Q,19,H19Q,0.81818,4,4,0,0,False,1.2278
22A,ORF7a,I,F,3,I3F,0.31822,2,0,2,0.89588,False,1.1169
22A,ORF7a,I,L,3,I3L,0.11789,2,1,1,1.2425,False,1.3977
22A,ORF7a,I,T,10,I10T,1.1777,6,3,3,0.55537,False,1.3544
22A,ORF7a,I,T,110,I110T,1.1777,5,2,3,0.63561,False,1.1873
22A,ORF7a,I,T,3,I3T,1.1777,5,4,1,0.32189,False,1.1873
22A,ORF7a,I,T,4,I4T,1.1777,6,2,4,0.6452,False,1.3544
22A,ORF7a,K,*,85,K85*,0.31822,4,4,0,0,False,1.7047
22A,ORF7a,K,N,53,K53N,0.43611,6,3,3,0.59726,False,1.9378
22A,ORF7a,K,Q,2,K2Q,0.11789,2,2,0,0,False,1.3977
22A,ORF7a,K,T,2,K2T,0.11789,2,2,0,0,False,1.3977
22A,ORF7a,L,*,7,L7*,0.27128,2,0,2,1.589,False,1.176
22A,ORF7a,L,*,77,L77*,0.41487,3,2,1,0.4621,False,1.3417
22A,ORF7a,L,M,9,L9M,0.68984,8,3,5,1.1102,False,1.9662
22A,ORF7a,L,P,12,L12P,1.1777,5,3,2,1.3329,False,1.1873
22A,ORF7a,M,K,1,M1K,0.27128,3,1,2,0.4621,False,1.5125
22A,ORF7a,N,Y,43,N43Y,0.31822,2,2,0,0,False,1.1169
22A,ORF7a,P,L,34,P34L,10.772,51,35,16,0.60265,False,1.5193
22A,ORF7a,P,L,84,P84L,10.772,31,16,15,0.79084,False,1.0277
22A,ORF7a,P,R,48,P48R,0.12834,2,2,0,0,False,1.381
22A,ORF7a,P,S,34,P34S,10.772,40,23,17,0.50463,False,1.279
22A,ORF7a,P,T,84,P84T,0.68984,3,3,0,0,False,1.0789
22A,ORF7a,Q,*,62,Q62*,10.772,72,40,32,0.56341,False,1.8613
22A,ORF7a,Q,H,62,Q62H,0.43611,5,1,4,1.9232,False,1.7708
22A,ORF7a,Q,H,94,Q94H,0.43611,15,9,6,0.41159,False,2.8069
22A,ORF7a,Q,K,90,Q90K,0.68984,3,3,0,0,False,1.0789
22A,ORF7a,Q,K,94,Q94K,0.68984,9,6,3,0.37791,False,2.0775
22A,ORF7a,Q,L,62,Q62L,0.31822,4,3,1,0.27465,False,1.7047
22A,ORF7a,Q,L,94,Q94L,0.31822,2,0,2,0.69315,False,1.1169
22A,ORF7a,R,*,80,R80*,0.31822,2,1,1,0.34657,False,1.1169
22A,ORF7a,R,T,25,R25T,0.28571,18,8,10,0.92667,False,3.1589
22A,ORF7a,S,A,37,S37A,0.14359,2,0,2,0.69315,False,1.357
22A,ORF7a,S,A,98,S98A,0.14359,2,2,0,0,False,1.357
22A,ORF7a,S,C,37,S37C,0.12834,2,2,0,0,False,1.381
22A,ORF7a,S,P,81,S81P,1.1777,5,4,1,0.13863,False,1.1873
22A,ORF7a,T,I,28,T28I,10.772,98,56,42,0.52424,False,2.1677
22A,ORF7a,T,I,39,T39I,10.772,36,23,13,0.50387,False,1.175
22A,ORF7a,T,K,11,T11K,0.68984,8,6,2,0.34657,False,1.9662
22A,ORF7a,T,N,61,T61N,0.68984,3,2,1,0.23105,False,1.0789
22A,ORF7a,T,R,28,T28R,0.12834,2,2,0,0,False,1.381
22A,ORF7a,T,S,28,T28S,0.31822,3,1,2,1.1337,False,1.4534
22A,ORF7a,V,F,93,V93F,4.4727,14,8,6,0.59171,False,1.0702
22A,ORF7a,Y,C,18,Y18C,1.2786,7,4,3,0.39608,False,1.4391
22A,ORF7a,Y,C,75,Y75C,1.2786,5,3,2,1.1367,False,1.1289
22A,ORF7b,A,P,43,A43P,0.28571,3,2,1,0.3662,False,1.4939
22A,ORF7b,C,F,12,C12F,4.4727,16,11,5,0.43022,False,1.1994
22A,ORF7b,E,A,33,E33A,0.11789,2,2,0,0,False,1.3977
22A,ORF7b,E,Q,3,E3Q,0.28571,3,2,1,0.4621,False,1.4939
22A,ORF7b,E,Q,39,E39Q,0.28571,3,1,2,0.59725,False,1.4939
22A,ORF7b,H,P,37,H37P,0.11789,2,0,2,1.4452,False,1.3977
22A,ORF7b,H,Q,42,H42Q,0.81818,4,2,2,0.51986,False,1.2278
22A,ORF7b,I,S,26,I26S,0.14359,2,0,2,0.69315,False,1.357
22A,ORF7b,I,S,7,I7S,0.14359,2,2,0,0,False,1.357
22A,ORF7b,L,F,32,L32F,10.772,33,22,11,0.46052,False,1.0892
22A,ORF7b,L,M,34,L34M,0.68984,18,15,3,0.17656,False,2.744
22A,ORF8,A,T,14,A14T,3.0293,10,6,4,0.64167,False,1.0903
22A,ORF8,A,V,65,A65V,10.772,71,43,28,0.69288,False,1.8474
22A,ORF8,D,E,119,D119E,0.41487,6,6,0,0,False,1.9608
22A,ORF8,E,Q,106,E106Q,0.28571,2,1,1,0.34657,False,1.1575
22A,ORF8,F,V,108,F108V,0.14359,3,0,3,0.99858,False,1.6935
22A,ORF8,G,R,8,G8R,3.315,15,5,10,0.82097,False,1.4019
22A,ORF8,H,D,40,H40D,0.12834,2,2,0,0,False,1.381
22A,ORF8,H,N,17,H17N,0.68984,3,1,2,0.59725,False,1.0789
22A,ORF8,I,F,121,I121F,0.31822,2,2,0,0,False,1.1169
22A,ORF8,I,F,58,I58F,0.31822,2,2,0,0,False,1.1169
22A,ORF8,I,L,121,I121L,0.11789,36,25,11,0.55258,False,4.0788
22A,ORF8,I,L,58,I58L,0.11789,2,0,2,0.89588,False,1.3977
22A,ORF8,I,N,71,I71N,0.27128,4,2,2,0.92222,False,1.7638
22A,ORF8,I,S,121,I121S,0.14359,2,2,0,0,False,1.357
22A,ORF8,I,T,10,I10T,1.1777,13,8,5,0.6299,False,2.0853
22A,ORF8,I,T,39,I39T,1.1777,9,4,5,0.48689,False,1.7339
22A,ORF8,I,V,71,I71V,1.2786,5,2,3,1.015,False,1.1289
22A,ORF8,K,*,53,K53*,0.31822,2,0,2,1.3863,False,1.1169
22A,ORF8,K,I,68,K68I,0.31822,2,1,1,0.69315,False,1.1169
22A,ORF8,L,F,7,L7F,0.43611,4,2,2,0.51986,False,1.5701
22A,ORF8,L,R,4,L4R,0.14359,27,16,11,0.55942,False,3.7549
22A,ORF8,L,S,84,L84S,1.1777,8,4,4,0.44794,False,1.6226
22A,ORF8,L,V,118,L118V,0.14359,2,1,1,0.89588,False,1.357
22A,ORF8,L,V,95,L95V,0.14359,2,1,1,1.2425,False,1.357
22A,ORF8,Q,K,27,Q27K,0.68984,11,5,6,0.69332,False,2.2685
22A,ORF8,Q,K,91,Q91K,0.68984,4,3,1,0.27465,False,1.3303
22A,ORF8,R,S,115,R115S,0.68984,5,3,2,0.55452,False,1.5309
22A,ORF8,S,A,69,S69A,0.14359,2,1,1,1.0986,False,1.357
22A,ORF8,S,F,67,S67F,10.772,64,38,26,0.4644,False,1.7443
22A,ORF8,S,P,69,S69P,1.1777,16,7,9,0.80706,False,2.2859
22A,ORF8,T,K,11,T11K,0.68984,6,5,1,0.11552,False,1.698
22A,ORF8,V,L,116,V116L,0.28571,2,1,1,0.34657,False,1.1575
22A,ORF8,V,L,62,V62L,4.7584,33,22,11,0.52363,False,1.8517
22A,ORF8,W,S,45,W45S,0.28571,4,2,2,0.34657,False,1.7452
22A,ORF8,Y,*,105,Y105*,0.41487,2,1,1,0.34657,False,1.0053
22A,ORF8,Y,*,42,Y42*,0.41487,3,1,2,0.4621,False,1.3417
22A,ORF8,Y,F,31,Y31F,0.31822,4,1,3,1.3996,False,1.7047
22A,ORF9b,A,G,11,A11G,0.12834,2,0,2,2.2387,False,1.381
22A,ORF9b,D,A,33,D33A,0.11789,3,1,2,1.3418,False,1.7342
22A,ORF9b,D,E,2,D2E,0.81818,5,4,1,0.13863,False,1.4285
22A,ORF9b,D,G,16,D16G,1.2786,6,5,1,0.58275,False,1.296
22A,ORF9b,D,N,33,D33N,3.0293,10,7,3,0.63969,False,1.0903
22A,ORF9b,E,D,86,E86D,4.7584,21,9,12,0.85767,False,1.4082
22A,ORF9b,E,Q,65,E65Q,0.28571,2,2,0,0,False,1.1575
22A,ORF9b,E,Q,7,E7Q,0.28571,5,3,2,0.80507,False,1.9459
22A,ORF9b,I,F,5,I5F,0.31822,2,1,1,0.34657,False,1.1169
22A,ORF9b,I,T,45,I45T,1.1777,6,2,4,0.84586,False,1.3544
22A,ORF9b,I,T,5,I5T,1.1777,17,8,9,0.63257,False,2.3448
22A,ORF9b,K,N,4,K4N,0.43611,3,1,2,0.69313,False,1.3188
22A,ORF9b,L,M,46,L46M,0.68984,4,2,2,0.88159,False,1.3303
22A,ORF9b,M,T,78,M78T,1.1777,8,3,5,0.4839,False,1.6226
22A,ORF9b,N,I,62,N62I,0.31822,2,1,1,0.69315,False,1.1169
22A,ORF9b,N,S,35,N35S,1.2786,5,2,3,0.81887,False,1.1289
22A,ORF9b,N,S,36,N36S,1.2786,16,7,9,1.3646,False,2.2275
22A,ORF9b,N,Y,36,N36Y,0.31822,2,2,0,0,False,1.1169
22A,ORF9b,P,H,17,P17H,0.68984,3,1,2,0.4621,False,1.0789
22A,ORF9b,P,L,51,P51L,10.772,36,21,15,0.63894,False,1.175
22A,ORF9b,Q,K,77,Q77K,0.68984,6,3,3,0.92678,False,1.698
22A,ORF9b,Q,L,18,Q18L,0.31822,3,2,1,0.23105,False,1.4534
22A,ORF9b,Q,L,20,Q20L,0.31822,2,2,0,0,False,1.1169
22A,ORF9b,Q,L,34,Q34L,0.31822,12,6,6,0.54252,False,2.7264
22A,ORF9b,R,L,32,R32L,4.4727,18,11,7,0.34299,False,1.3138
22A,ORF9b,R,P,47,R47P,0.28571,5,4,1,0.32189,False,1.9459
22A,ORF9b,S,F,10,S10F,10.772,41,22,19,0.5836,False,1.3034
22A,ORF9b,S,T,6,S6T,0.28571,5,4,1,0.32189,False,1.9459
22A,ORF9b,V,A,37,V37A,1.1777,8,3,5,0.59844,False,1.6226
22A,ORF9b,V,L,76,V76L,0.28571,2,1,1,0.34657,False,1.1575
22A,S,A,P,522,A522P,0.28571,3,1,2,0.8283,False,1.4939
22A,S,A,S,1078,A1078S,4.4727,14,7,7,0.37554,False,1.0702
22A,S,A,S,647,A647S,4.4727,16,13,3,0.23651,False,1.1994
22A,S,A,V,688,A688V,10.772,42,25,17,0.47796,False,1.3272
22A,S,C,F,1243,C1243F,4.4727,26,16,10,0.50387,False,1.6732
22A,S,C,S,1248,C1248S,0.55699,4,3,1,0.34658,False,1.4487
22A,S,D,A,1153,D1153A,0.11789,2,2,0,0,False,1.3977
22A,S,D,E,1084,D1084E,0.41487,3,1,2,1.1945,False,1.3417
22A,S,D,E,627,D627E,0.41487,3,2,1,0.36621,False,1.3417
22A,S,D,E,88,D88E,0.41487,2,1,1,0.80472,False,1.0053
22A,S,D,G,215,D215G,1.2786,7,4,3,0.35499,False,1.4391
22A,S,D,G,253,D253G,1.2786,20,8,12,0.83521,False,2.4446
22A,S,D,H,1139,D1139H,0.28571,5,3,2,0.27726,False,1.9459
22A,S,D,H,1146,D1146H,0.28571,8,6,2,0.28782,False,2.3812
22A,S,D,H,1168,D1168H,0.28571,3,3,0,0,False,1.4939
22A,S,D,H,215,D215H,0.28571,8,5,3,0.25993,False,2.3812
22A,S,D,H,228,D228H,0.28571,2,2,0,0,False,1.1575
22A,S,D,H,936,D936H,0.28571,15,11,4,0.36078,False,2.982
22A,S,D,N,420,D420N,3.0293,12,11,1,0.13412,False,1.2646
22A,S,D,N,936,D936N,3.0293,11,6,5,1.2389,False,1.1812
22A,S,D,V,745,D745V,0.31822,3,2,1,0.23105,False,1.4534
22A,S,E,A,554,E554A,0.11789,3,3,0,0,False,1.7342
22A,S,E,D,180,E180D,0.43611,4,1,3,0.89588,False,1.5701
22A,S,E,D,654,E654D,0.43611,4,1,3,0.69315,False,1.5701
22A,S,E,D,725,E725D,0.43611,3,3,0,0,False,1.3188
22A,S,E,Q,1111,E1111Q,0.28571,8,5,3,0.39726,False,2.3812
22A,S,E,Q,1144,E1144Q,0.28571,2,2,0,0,False,1.1575
22A,S,E,Q,1182,E1182Q,0.28571,7,4,3,0.29706,False,2.2561
22A,S,E,Q,1195,E1195Q,0.28571,2,2,0,0,False,1.1575
22A,S,E,Q,1202,E1202Q,0.28571,15,11,4,0.36196,False,2.982
22A,S,E,Q,1258,E1258Q,0.28571,3,2,1,0.99858,False,1.4939
22A,S,E,Q,132,E132Q,0.28571,3,0,3,1.3648,False,1.4939
22A,S,E,Q,224,E224Q,0.28571,5,4,1,0.13863,False,1.9459
22A,S,E,Q,309,E309Q,0.28571,9,5,4,0.38508,False,2.4925
22A,S,E,Q,340,E340Q,0.28571,2,1,1,0.34657,False,1.1575
22A,S,E,Q,406,E406Q,0.28571,3,1,2,1.0594,False,1.4939
22A,S,E,Q,471,E471Q,0.28571,4,2,2,0.34657,False,1.7452
22A,S,E,Q,583,E583Q,0.28571,3,3,0,0,False,1.4939
22A,S,E,Q,619,E619Q,0.28571,2,1,1,0.80472,False,1.1575
22A,S,E,Q,702,E702Q,0.28571,3,1,2,0.99858,False,1.4939
22A,S,E,Q,748,E748Q,0.28571,6,5,1,0.11552,False,2.113
22A,S,E,Q,780,E780Q,0.28571,2,1,1,0.34657,False,1.1575
22A,S,E,V,1144,E1144V,0.31822,3,2,1,0.23105,False,1.4534
22A,S,E,V,1207,E1207V,0.31822,2,0,2,2.3937,False,1.1169
22A,S,E,V,1258,E1258V,0.31822,3,2,1,0.23105,False,1.4534
22A,S,E,V,1262,E1262V,0.31822,2,1,1,1.3195,False,1.1169
22A,S,E,V,554,E554V,0.31822,2,2,0,0,False,1.1169
22A,S,F,C,797,F797C,0.14359,4,3,1,0.83305,False,1.9448
22A,S,F,L,1109,F1109L,1.5926,8,4,4,0.99566,False,1.4017
22A,S,F,L,157,F157L,1.9959,28,11,17,1.0069,False,2.4353
22A,S,F,S,186,F186S,1.1777,7,6,1,0.45401,False,1.4975
22A,S,F,V,490,F490V,0.14359,3,1,2,1.1755,False,1.6935
22A,S,F,V,855,F855V,0.14359,2,1,1,1.6479,False,1.357
22A,S,F,Y,59,F59Y,0.27128,2,2,0,0,False,1.176
22A,S,G,A,181,G181A,0.28571,8,4,4,0.4839,False,2.3812
22A,S,G,A,639,G639A,0.28571,2,1,1,0.34657,False,1.1575
22A,S,G,A,75,G75A,0.28571,2,1,1,1.3863,False,1.1575
22A,S,G,A,769,G769A,0.28571,3,1,2,0.4621,False,1.4939
22A,S,G,D,184,G184D,3.0293,12,7,5,0.62463,False,1.2646
22A,S,G,D,446,G446D,3.0293,14,8,6,0.71193,False,1.413
22A,S,G,E,213,G213E,3.0293,11,7,4,0.54468,False,1.1812
22A,S,G,S,1099,G1099S,3.0293,10,6,4,0.69157,False,1.0903
22A,S,G,S,257,G257S,3.0293,10,5,5,0.84355,False,1.0903
22A,S,G,S,446,G446S,3.0293,32,19,13,0.40462,False,2.2201
22A,S,G,V,181,G181V,4.4727,34,20,14,0.55154,False,1.937
22A,S,G,V,75,G75V,4.4727,22,11,11,0.71879,False,1.5096
22A,S,H,L,146,H146L,0.31822,2,2,0,0,False,1.1169
22A,S,H,N,245,H245N,0.68984,3,2,1,0.53648,False,1.0789
22A,S,H,Q,146,H146Q,0.81818,8,4,4,1.1882,False,1.8638
22A,S,H,Q,66,H66Q,0.41487,2,2,0,0,False,1.0053
22A,S,H,R,681,H681R,1.2786,7,5,2,0.91945,False,1.4391
22A,S,I,F,834,I834F,0.31822,2,0,2,0.89588,False,1.1169
22A,S,I,L,19,I19L,0.43611,23,15,8,0.44709,False,3.223
22A,S,I,L,805,I805L,0.43611,3,3,0,0,False,1.3188
22A,S,I,N,1132,I1132N,0.27128,2,0,2,0.89588,False,1.176
22A,S,I,T,1114,I1114T,1.1777,7,3,4,0.79438,False,1.4975
22A,S,I,T,1216,I1216T,1.1777,6,4,2,0.34657,False,1.3544
22A,S,I,V,105,I105V,1.2786,5,4,1,0.13863,False,1.1289
22A,S,I,V,598,I598V,1.2786,5,4,1,0.43944,False,1.1289
22A,S,I,V,670,I670V,1.2786,10,5,5,1.1923,False,1.7755
22A,S,K,E,147,K147E,1.2786,10,4,6,1.4451,False,1.7755
22A,S,K,E,150,K150E,1.2786,7,5,2,0.37701,False,1.4391
22A,S,K,E,182,K182E,1.2786,10,6,4,0.3989,False,1.7755
22A,S,K,E,478,K478E,1.2786,5,5,0,0,False,1.1289
22A,S,K,I,147,K147I,0.31822,9,5,4,1.0131,False,2.4519
22A,S,K,I,182,K182I,0.31822,5,3,2,0.68024,False,1.9054
22A,S,K,I,478,K478I,0.31822,8,7,1,0.086643,False,2.3407
22A,S,K,M,444,K444M,0.31822,8,6,2,0.17329,False,2.3407
22A,S,K,M,558,K558M,0.31822,2,2,0,0,False,1.1169
22A,S,K,N,1086,K1086N,0.43611,3,1,2,0.69315,False,1.3188
22A,S,K,N,147,K147N,0.43611,8,6,2,0.41652,False,2.2061
22A,S,K,N,150,K150N,0.43611,6,2,4,1.3011,False,1.9378
22A,S,K,N,182,K182N,0.43611,5,4,1,0.35835,False,1.7708
22A,S,K,N,444,K444N,4.7584,62,55,7,0.21647,False,2.4753
22A,S,K,N,478,K478N,0.43611,4,2,2,0.34657,False,1.5701
22A,S,K,Q,97,K97Q,0.11789,2,1,1,0.54931,False,1.3977
22A,S,K,R,444,K444R,1.2786,51,30,21,0.69687,False,3.3658
22A,S,K,R,478,K478R,1.2786,15,7,8,0.54319,False,2.165
22A,S,K,R,786,K786R,1.2786,5,5,0,0,False,1.1289
22A,S,K,T,1073,K1073T,0.11789,2,2,0,0,False,1.3977
22A,S,K,T,147,K147T,0.11789,2,2,0,0,False,1.3977
22A,S,K,T,182,K182T,0.11789,3,1,2,0.99858,False,1.7342
22A,S,K,T,356,K356T,0.11789,7,6,1,0.099021,False,2.4963
22A,S,K,T,444,K444T,0.11789,7,5,2,0.42796,False,2.4963
22A,S,L,I,212,L212I,0.27128,2,1,1,0.34657,False,1.176
22A,S,L,I,461,L461I,0.68984,4,2,2,0.72259,False,1.3303
22A,S,L,I,84,L84I,0.68984,9,4,5,0.73103,False,2.0775
22A,S,L,I,858,L858I,0.68984,4,4,0,0,False,1.3303
22A,S,L,I,981,L981I,0.68984,3,1,2,0.96346,False,1.0789
22A,S,L,Q,560,L560Q,0.27128,2,1,1,0.34657,False,1.176
22A,S,L,V,821,L821V,0.12834,2,1,1,0.89588,False,1.381
22A,S,M,K,177,M177K,0.27128,2,1,1,0.34657,False,1.176
22A,S,N,D,185,N185D,1.2786,7,3,4,0.49511,False,1.4391
22A,S,N,D,450,N450D,1.2786,17,9,8,0.95239,False,2.2864
22A,S,N,H,164,N164H,0.11789,2,1,1,0.89588,False,1.3977
22A,S,N,I,1023,N1023I,0.31822,3,2,1,0.23105,False,1.4534
22A,S,N,I,1125,N1125I,0.31822,2,2,0,0,False,1.1169
22A,S,N,I,460,N460I,0.31822,2,1,1,0.34657,False,1.1169
22A,S,N,I,532,N532I,0.31822,2,1,1,0.34657,False,1.1169
22A,S,N,I,658,N658I,0.31822,3,3,0,0,False,1.4534
22A,S,N,K,164,N164K,0.41487,5,2,3,1.5619,False,1.7937
22A,S,N,K,460,N460K,0.41487,4,1,3,2.057,False,1.5931
22A,S,N,K,481,N481K,0.41487,4,4,0,0,False,1.5931
22A,S,N,S,185,N185S,1.2786,7,4,3,0.42796,False,1.4391
22A,S,N,S,460,N460S,1.2786,10,6,4,0.8841,False,1.7755
22A,S,N,S,658,N658S,1.2786,19,6,13,1.8296,False,2.3946
22A,S,N,T,148,N148T,0.11789,3,1,2,0.90268,False,1.7342
22A,S,N,T,185,N185T,0.11789,2,1,1,0.34657,False,1.3977
22A,S,N,T,460,N460T,0.11789,2,1,1,0.97296,False,1.3977
22A,S,N,Y,1187,N1187Y,0.31822,4,2,2,0.34657,False,1.7047
22A,S,N,Y,460,N460Y,0.31822,12,5,7,0.75535,False,2.7264
22A,S,N,Y,532,N532Y,0.31822,2,1,1,0.34657,False,1.1169
22A,S,N,Y,751,N751Y,0.31822,2,1,1,0.54931,False,1.1169
22A,S,P,H,209,P209H,0.68984,3,3,0,0,False,1.0789
22A,S,P,H,499,P499H,0.68984,3,3,0,0,False,1.0789
22A,S,P,Q,1263,P1263Q,0.68984,4,0,4,2.1191,False,1.3303
22A,S,P,R,1263,P1263R,0.12834,3,1,2,0.4621,False,1.7174
22A,S,P,T,1079,P1079T,0.68984,6,5,1,0.1831,False,1.698
22A,S,Q,E,1054,Q1054E,0.12834,16,13,3,0.12997,False,3.268
22A,S,Q,E,613,Q613E,0.12834,3,0,3,2.3188,False,1.7174
22A,S,Q,H,564,Q564H,0.43611,3,3,0,0,False,1.3188
22A,S,Q,H,675,Q675H,4.7584,30,15,15,0.67873,False,1.7579
22A,S,Q,H,677,Q677H,4.7584,22,13,9,0.40372,False,1.4537
22A,S,Q,K,1113,Q1113K,0.68984,4,3,1,0.7083,False,1.3303
22A,S,Q,K,1180,Q1180K,0.68984,3,0,3,1.3418,False,1.0789
22A,S,Q,K,1201,Q1201K,0.68984,12,5,7,0.93769,False,2.3519
22A,S,Q,K,173,Q173K,0.68984,3,3,0,0,False,1.0789
22A,S,Q,K,52,Q52K,0.68984,3,1,2,0.59725,False,1.0789
22A,S,Q,K,675,Q675K,0.68984,3,2,1,0.3662,False,1.0789
22A,S,Q,K,787,Q787K,0.68984,3,1,2,0.69315,False,1.0789
22A,S,Q,L,1201,Q1201L,0.31822,2,1,1,2.4221,False,1.1169
22A,S,Q,L,183,Q183L,0.31822,2,0,2,1.0397,False,1.1169
22A,S,Q,L,675,Q675L,0.31822,2,2,0,0,False,1.1169
22A,S,Q,L,836,Q836L,0.31822,3,3,0,0,False,1.4534
22A,S,Q,R,183,Q183R,1.2786,9,6,3,0.35312,False,1.6755
22A,S,Q,R,218,Q218R,1.2786,7,4,3,0.35499,False,1.4391
22A,S,Q,R,493,Q493R,1.2786,8,6,2,0.22397,False,1.5642
22A,S,R,I,346,R346I,4.4727,18,10,8,0.72946,False,1.3138
22A,S,R,Q,452,R452Q,3.0293,11,9,2,0.25205,False,1.1812
22A,S,R,S,346,R346S,0.43611,12,3,9,2.1217,False,2.5918
22A,S,R,T,21,R21T,0.28571,17,10,7,0.66021,False,3.1034
22A,S,R,T,346,R346T,0.28571,40,12,28,1.7021,False,3.9425
22A,S,R,T,847,R847T,0.28571,2,1,1,0.34657,False,1.1575
22A,S,S,F,255,S255F,10.772,51,34,17,0.32366,False,1.5193
22A,S,S,F,98,S98F,10.772,35,22,13,0.4144,False,1.1472
22A,S,S,I,929,S929I,4.4727,19,8,11,0.802,False,1.3665
22A,S,S,P,1252,S1252P,1.1777,5,3,2,0.35835,False,1.1873
22A,S,S,P,494,S494P,1.1777,28,17,11,0.62397,False,2.8325
22A,S,S,P,691,S691P,1.1777,5,3,2,0.49698,False,1.1873
22A,S,S,T,13,S13T,0.28571,4,0,4,1.806,False,1.7452
22A,S,S,T,929,S929T,0.28571,3,1,2,0.9242,False,1.4939
22A,S,S,T,939,S939T,0.27128,2,1,1,0.69315,False,1.176
22A,S,S,Y,691,S691Y,0.68984,3,3,0,0,False,1.0789
22A,S,S,Y,71,S71Y,0.68984,3,2,1,0.23105,False,1.0789
22A,S,T,I,1009,T1009I,10.772,32,20,12,0.42373,False,1.0589
22A,S,T,I,547,T547I,10.772,38,18,20,0.89911,False,1.2283
22A,S,T,K,547,T547K,0.68984,15,8,7,0.61455,False,2.567
22A,S,T,N,1116,T1116N,0.68984,5,3,2,0.27726,False,1.5309
22A,S,T,N,1238,T1238N,0.68984,3,3,0,0,False,1.0789
22A,S,T,N,470,T470N,0.68984,3,2,1,1.1552,False,1.0789
22A,S,T,S,500,T500S,0.44656,3,3,0,0,False,1.3077
22A,S,T,S,645,T645S,0.31822,2,1,1,1.0986,False,1.1169
22A,S,V,A,445,V445A,1.1777,41,18,23,0.90485,False,3.2083
22A,S,V,A,486,V486A,1.1777,11,9,2,0.18904,False,1.9249
22A,S,V,F,445,V445F,4.4727,19,13,6,0.31319,False,1.3665
22A,S,V,G,3,V3G,0.14359,16,4,12,1.5638,False,3.2441
22A,S,V,G,642,V642G,0.14359,14,10,4,0.39496,False,3.1148
22A,S,V,L,1104,V1104L,4.7584,15,10,5,0.5851,False,1.081
22A,S,V,L,1228,V1228L,4.7584,17,10,7,0.38569,False,1.2024
22A,S,V,L,1264,V1264L,4.7584,22,11,11,0.69899,False,1.4537
22A,S,V,L,36,V36L,0.28571,2,0,2,0.69315,False,1.1575
22A,S,V,L,6,V6L,0.28571,2,2,0,0,False,1.1575
22A,S,V,L,62,V62L,0.28571,6,3,3,0.49929,False,2.113
22A,S,W,L,152,W152L,4.4727,19,9,10,0.90002,False,1.3665
22A,S,W,R,152,W152R,1.449,13,8,5,0.69809,False,1.9354
22A,S,Y,C,200,Y200C,1.2786,8,6,2,0.17329,False,1.5642
22A,S,Y,F,655,Y655F,0.31822,2,1,1,0.34657,False,1.1169
22A,S,Y,F,674,Y674F,0.31822,2,2,0,0,False,1.1169
22A,S,Y,H,145,Y145H,1.1777,19,11,8,0.53925,False,2.453
22A,S,Y,H,248,Y248H,1.1777,5,1,4,1.3021,False,1.1873
22A,S,Y,H,489,Y489H,1.1777,5,5,0,0,False,1.1873
22A,S,Y,S,248,Y248S,0.11789,4,1,3,1.7819,False,1.9855
